Species,Longitude,Latitude
Melocactus_bahiensis,-41.95,-15.88
Melocactus_bahiensis,-42.93,-16.62
Melocactus_ernestii,-41.52,-16.57
Melocactus_bahiensis,-41.52,-16.57
Rhipsalis_lindbergiana,-43.92,-16.63
Rhipsalis_floccosa,-41.97,-13.53
Pilosocereus_pachycladus,-41.95,-15.88
Pilosocereus_pachycladus,-42.75,-15.38
Pilosocereus_pachycladus,-41.38,-15.97
Cereus_jamacaru,-43.92,-16.63
Cereus_jamacaru,-44.33,-15.83
Cereus_jamacaru,-41.95,-15.88
Tacinga_inamoena,-41.95,-13.53
Cereus_jamacaru,-36.88,-8.57
Tacinga_inamoena,-40.45,-11.15
Pilosocereus_pernambucoensis,-36.88,-8.57
Rhipsalis_floccosa,-36.4,-8.18
Rhipsalis_floccosa,-41.88,-13.28
Tacinga_inamoena,-41.83,-13.28
Rhipsalis_lindbergiana,-38.5,-11.93
Rhipsalis_lindbergiana,-40.53,-11.02
Melocactus_violaceus,-38.17,-12.75
Rhipsalis_lindbergiana,-36.48,-9.05
Tacinga_inamoena,-38.47,-9.35
Pilosocereus_catingicola,-38.2,-9.48
Rhipsalis_lindbergiana,-38.57,-8.6
Melocactus_zehntneri,-41.53,-9.48
Rhipsalis_floccosa,-38.5,-11.93
Rhipsalis_lindbergiana,-40.17,-11.98
Rhipsalis_lindbergiana,-39.73,-12.17
Rhipsalis_lindbergiana,-39.03,-12.25
Rhipsalis_lindbergiana,-40.45,-13.43
Rhipsalis_floccosa,-37.27,-11.25
Rhipsalis_lindbergiana,-40.4,-10.93
Rhipsalis_floccosa,-36.48,-9.05
Rhipsalis_floccosa,-41.33,-11.68
Melocactus_violaceus,-39.03,-16.33
Rhipsalis_floccosa,-41.43,-12.6
Melocactus_ernestii,-41.05,-14.63
Melocactus_zehntneri,-41.42,-11.45
Rhipsalis_lindbergiana,-38.08,-11.93
Melocactus_zehntneri,-43.22,-13.17
Melocactus_zehntneri,-38.3,-7.98
Melocactus_ernestii,-42.78,-14.22
Melocactus_zehntneri,-42.17,-13.63
Melocactus_bahiensis,-40.52,-11.18
Melocactus_violaceus,-40.65,-12.63
Melocactus_ernestii,-41.97,-12.03
Melocactus_zehntneri,-39.43,-13.38
Melocactus_violaceus,-38.35,-12.92
Melocactus_ernestii,-41.33,-11.47
Melocactus_ernestii,-37.27,-8.08
Melocactus_violaceus,-40.52,-11.18
Melocactus_bahiensis,-42.52,-14.28
Melocactus_bahiensis,-38.9,-9.97
Melocactus_zehntneri,-42.52,-14.25
Melocactus_ernestii,-42.65,-14.78
Melocactus_bahiensis,-41.9,-13.53
Melocactus_bahiensis,-39.18,-12.17
Melocactus_bahiensis,-41.83,-13.63
Melocactus_bahiensis,-40.65,-12.63
Melocactus_ernestii,-39.78,-12.78
Melocactus_ernestii,-41,-11.67
Melocactus_bahiensis,-36.63,-8.77
Pilosocereus_pachycladus,-44.37,-13.6
Pilosocereus_catingicola,-37.22,-10.48
Pilosocereus_pachycladus,-40.52,-11.18
Pilosocereus_pachycladus,-40.25,-9.92
Pilosocereus_pachycladus,-41.32,-11.47
Pilosocereus_pernambucoensis,-41.33,-10.33
Pilosocereus_pernambucoensis,-36.62,-9.42
Pilosocereus_pachycladus,-41.47,-13
Pilosocereus_catingicola,-39.73,-12.17
Pilosocereus_pentaedrophorus,-38.95,-11.93
Pilosocereus_pernambucoensis,-36.7,-8.37
Pilosocereus_pernambucoensis,-38.3,-9.08
Pilosocereus_pachycladus,-41.83,-13.58
Pilosocereus_pernambucoensis,-39.47,-9.83
Pilosocereus_catingicola,-36.42,-10.23
Pilosocereus_catingicola,-38.3,-9.08
Pilosocereus_catingicola,-37.42,-10.17
Pilosocereus_pernambucoensis,-39.77,-9.67
Pilosocereus_pentaedrophorus,-37.68,-10.9
Pilosocereus_pachycladus,-41.15,-11.55
Pilosocereus_catingicola,-41.18,-11.43
Pilosocereus_catingicola,-38.22,-9.4
Pilosocereus_catingicola,-37.8,-9.65
Pilosocereus_catingicola,-36.3,-10.25
Cereus_fernambucensis,-39.08,-14.97
Pilosocereus_catingicola,-41.28,-14.02
Epiphyllum_phyllanthus,-41.33,-11.68
Pilosocereus_catingicola,-39.83,-11.23
Pilosocereus_catingicola,-38.98,-12.05
Pilosocereus_pentaedrophorus,-41.47,-13
Pilosocereus_catingicola,-39.02,-10.52
Pilosocereus_pachycladus,-41.9,-13.53
Cereus_albicaulis,-41.32,-11.47
Pilosocereus_pentaedrophorus,-41.8,-12.8
Epiphyllum_phyllanthus,-39.25,-14.25
Cereus_albicaulis,-38.37,-8.9
Cereus_albicaulis,-39.47,-9.83
Cereus_albicaulis,-40.52,-11.18
Cereus_jamacaru,-40.45,-14.5
Cereus_albicaulis,-41.3,-9.67
Epiphyllum_phyllanthus,-36,-8.3
Pilosocereus_catingicola,-38.57,-8.6
Pilosocereus_catingicola,-39.87,-12.9
Cereus_albicaulis,-40.25,-9.92
Cereus_fernambucensis,-39.05,-14.83
Cereus_fernambucensis,-39,-14.3
Cereus_fernambucensis,-38.5,-12.97
Epiphyllum_phyllanthus,-35.5,-7.58
Cereus_albicaulis,-41.78,-12.22
Cereus_jamacaru,-41.67,-14.13
Pilosocereus_catingicola,-39.5,-11.42
Cereus_fernambucensis,-39.03,-15.33
Cereus_jamacaru,-39.87,-9.05
Rhipsalis_floccosa,-41.76,-13.12
Cereus_jamacaru,-40.2,-14.05
Tacinga_palmadora,-37.15,-8.62
Tacinga_palmadora,-40.52,-11.18
Tacinga_palmadora,-40.25,-9.92
Tacinga_palmadora,-40.48,-13.45
Tacinga_inamoena,-37.17,-8.62
Tacinga_palmadora,-41.45,-12.47
Tacinga_palmadora,-41.82,-13.75
Cereus_jamacaru,-38.57,-8.6
Tacinga_inamoena,-43.6,-9.52
Tacinga_inamoena,-38.97,-12.25
Tacinga_inamoena,-44.37,-13.6
Tacinga_inamoena,-40.25,-9.92
Tacinga_inamoena,-41.95,-11.63
Tacinga_palmadora,-39.77,-12.85
Tacinga_inamoena,-41.83,-14.42
Tacinga_palmadora,-39.83,-11.23
Tacinga_inamoena,-42.77,-10.78
Tacinga_palmadora,-39.87,-9.97
Tacinga_inamoena,-39.83,-11.23
Tacinga_inamoena,-39.97,-13.53
Tacinga_palmadora,-39.82,-11.37
Pilosocereus_pachycladus,-41.98,-13.5
Pilosocereus_pentaedrophorus,-41.82,-13.75
Tacinga_palmadora,-41.37,-15.95
Cereus_jamacaru,-41.7,-13.65
Pilosocereus_pachycladus,-41.82,-13.75
Cereus_fernambucensis,-38.06667,-12.35
Tacinga_inamoena,-37.562989,-9.475817
Tacinga_palmadora,-37.562989,-9.475817
Melocactus_violaceus,-39.85,-12.883333
Pilosocereus_pachycladus,-43.20477,-15.80553
Tacinga_inamoena,-41.32693,-11.492925
Cereus_albicaulis,-41.596667,-13.143056
Tacinga_inamoena,-40.383333,-13.918056
Melocactus_zehntneri,-40.383333,-13.916667
Pilosocereus_catingicola,-35.17917,-6.08045
Rhipsalis_floccosa,-39.948333,-13.549722
Pilosocereus_catingicola,-36.96405,-5.537925
Pilosocereus_pernambucoensis,-37.237387,-8.555557
Tacinga_inamoena,-42.733889,-15.615833
Tacinga_palmadora,-40.416667,-13.475925
Tacinga_inamoena,-40.416667,-13.475925
Cereus_jamacaru,-37.33584,-5.196845
Tacinga_inamoena,-41.365833,-9.458333
Tacinga_inamoena,-41.909222,-7.305417
Tacinga_inamoena,-38.221167,-9.612806
Tacinga_inamoena,-35.935556,-6.249444
Tacinga_inamoena,-36.113778,-6.173861
Tacinga_inamoena,-42.50575,-9.237222
Tacinga_inamoena,-43.808611,-8.284167
Tacinga_inamoena,-42.245417,-9.478333
Tacinga_inamoena,-43.593833,-8.121167
Tacinga_inamoena,-41.879972,-7.235556
Tacinga_inamoena,-42.908611,-9.042167
Tacinga_inamoena,-40.792417,-9.314389
Tacinga_palmadora,-38.221167,-9.612806
Tacinga_inamoena,-38.04,-4.854167
Tacinga_inamoena,-38.159361,-5.282222
Tacinga_inamoena,-42.059694,-8.109111
Pilosocereus_pachycladus,-41,-13
Pilosocereus_pachycladus,-44.951944,-12.962778
Melocactus_ernestii,-39.479722,-12.829444
Rhipsalis_lindbergiana,-36.930556,-10.036419
Pilosocereus_catingicola,-35.192128,-5.820112
Melocactus_ernestii,-40.215337,-14.329655
Pilosocereus_pachycladus,-42.502,-14.875
Pilosocereus_pachycladus,-42.75,-12.821
Cereus_jamacaru,-41.593,-13.255
Melocactus_zehntneri,-42.75,-12.821
Melocactus_zehntneri,-37.233611,-8.518889
Melocactus_ernestii,-42.85245,-14.20939
Tacinga_palmadora,-39.866069,-12.740441
Pilosocereus_pachycladus,-41.593,-13.255
Melocactus_bahiensis,-41.593,-13.255
Cereus_albicaulis,-40.889,-10.452
Pilosocereus_pentaedrophorus,-41.593,-13.161
Cereus_albicaulis,-41.9909,-13.3639
Pilosocereus_pentaedrophorus,-40.903611,-11.913333
Pilosocereus_pernambucoensis,-37.490229,-8.72517
Epiphyllum_phyllanthus,-38.951944,-12.958611
Pilosocereus_pernambucoensis,-42.658056,-12.801944
Cereus_albicaulis,-37.298333,-7.298056
Melocactus_ernestii,-37.183056,-8.18
Cereus_jamacaru,-39.833611,-7.848333
Tacinga_palmadora,-37.202778,-8.206111
Melocactus_ernestii,-37.068611,-8.0675
Pilosocereus_pernambucoensis,-37.239167,-8.237222
Cereus_jamacaru,-39.494444,-11.485556
Pilosocereus_pernambucoensis,-37.030556,-8.031944
Epiphyllum_phyllanthus,-40.214722,-10.21
Melocactus_zehntneri,-36.603533,-10.035308
Cereus_jamacaru,-41.975556,-11.545278
Melocactus_zehntneri,-41.47056,-11.69306
Pilosocereus_catingicola,-39.115833,-12.115556
Cereus_jamacaru,-39.115833,-12.115556
Tacinga_palmadora,-38.695556,-11.699167
Pilosocereus_pachycladus,-38.695556,-11.699167
Pilosocereus_pachycladus,-38.809444,-10.800556
Tacinga_palmadora,-38.809444,-10.800556
Cereus_jamacaru,-38.809444,-10.800556
Tacinga_palmadora,-39.246944,-10.243611
Tacinga_inamoena,-35.748139,-5.535583
Tacinga_inamoena,-35.825192,-5.605456
Cereus_fernambucensis,-36.660911,-10.491011
Rhipsalis_floccosa,-39.402778,-15.205833
Tacinga_inamoena,-42.820278,-15.9675
Pilosocereus_catingicola,-38.406667,-3.843761
Melocactus_ernestii,-42.820833,-15.9675
Cereus_jamacaru,-41.318703,-12.891204
Tacinga_palmadora,-39.2,-11.5
Pilosocereus_pentaedrophorus,-39.2,-11.5
Pilosocereus_pachycladus,-36.88,-8.57
Cereus_fernambucensis,-37.6,-11.8
Rhipsalis_floccosa,-39.7,-13.5
Tacinga_inamoena,-41.15,-11.55
Tacinga_inamoena,-41.8,-16.63
Epiphyllum_phyllanthus,-42.9,-16.55
Pilosocereus_pentaedrophorus,-41.16,-13.25
Pilosocereus_pachycladus,-42.45,-15.23
Tacinga_inamoena,-43,-11
Tacinga_inamoena,-38.5,-8.05
Pilosocereus_pentaedrophorus,-41.28,-13
Rhipsalis_lindbergiana,-43.55,-16.38
Rhipsalis_lindbergiana,-40.29,-10.29
Pilosocereus_pachycladus,-41.28,-13
Pilosocereus_pentaedrophorus,-41.3,-12.23
Pilosocereus_pachycladus,-42.44,-11.07
Tacinga_inamoena,-41.5,-13.17
Tacinga_inamoena,-42.55,-16.32
Pilosocereus_pachycladus,-41.54,-13.32
Tacinga_inamoena,-42.46,-11.01
Rhipsalis_floccosa,-41.53,-13.17
Tacinga_inamoena,-41.57,-13.32
Cereus_jamacaru,-39.6025,-9.3525
Tacinga_inamoena,-39.385,-8.255
Epiphyllum_phyllanthus,-35.165012,-7.923776
Cereus_jamacaru,-36.7396,-9.6701
Pilosocereus_pachycladus,-36.7396,-9.6701
Melocactus_bahiensis,-37.257801,-8.562712
Pilosocereus_pachycladus,-37.243741,-8.5523
Cereus_jamacaru,-37.243741,-8.5523
Melocactus_bahiensis,-37.305917,-8.460854
Pilosocereus_pachycladus,-37.276284,-8.506328
Tacinga_palmadora,-37.314552,-8.508122
Tacinga_palmadora,-37.243741,-8.5523
Cereus_jamacaru,-40.91,-8.8
Cereus_jamacaru,-35.305157,-5.70183
Melocactus_ernestii,-40.268007,-14.377833
Pilosocereus_catingicola,-38.144908,-10.347994
Melocactus_zehntneri,-38.144908,-10.347994
Pilosocereus_catingicola,-37.538556,-11.338778
Melocactus_ernestii,-38.144908,-10.347994
Cereus_fernambucensis,-37.534472,-11.341611
Tacinga_inamoena,-37.538581,-9.424461
Epiphyllum_phyllanthus,-36.251164,-10.074353
Cereus_jamacaru,-38.57523,-3.740759
Rhipsalis_floccosa,-35.7509,-6.96245
Tacinga_inamoena,-41.6775,-9.310111
Pilosocereus_pachycladus,-40.886333,-9.188028
Pilosocereus_pachycladus,-40.965194,-9.553278
Cereus_jamacaru,-39.273056,-6.273611
Rhipsalis_floccosa,-39.096333,-14.333556
Epiphyllum_phyllanthus,-39.559444,-15.198889
Rhipsalis_lindbergiana,-39.564444,-15.391389
Epiphyllum_phyllanthus,-39.171667,-14.795
Tacinga_inamoena,-42.925278,-16.603889
Cereus_jamacaru,-36.898639,-7.470472
Pilosocereus_catingicola,-37.355833,-10.773056
Epiphyllum_phyllanthus,-35.921667,-9.617778
Melocactus_ernestii,-37.87,-9.981944
Tacinga_palmadora,-37.789167,-9.66
Melocactus_zehntneri,-37.87,-9.981944
Melocactus_zehntneri,-37.789167,-9.66
Cereus_fernambucensis,-34.833611,-7.028611
Tacinga_palmadora,-37.87,-9.981944
Tacinga_inamoena,-37.87,-9.981944
Pilosocereus_pentaedrophorus,-37.534167,-10.549444
Rhipsalis_floccosa,-37.438056,-11.268611
Cereus_fernambucensis,-37.130556,-11.0925
Pilosocereus_catingicola,-34.833611,-7.028611
Tacinga_inamoena,-37.789167,-9.66
Pilosocereus_catingicola,-37.038611,-10.908889
Pilosocereus_catingicola,-37.313056,-10.264444
Tacinga_palmadora,-41.278056,-13.813889
Cereus_fernambucensis,-37.038611,-10.908889
Tacinga_palmadora,-37.684167,-9.805278
Tacinga_inamoena,-40.266667,-8.983333
Melocactus_violaceus,-37.052778,-10.881389
Melocactus_violaceus,-36.855833,-10.737778
Pilosocereus_pentaedrophorus,-38.363056,-9.683611
Tacinga_inamoena,-37.690283,-9.798472
Epiphyllum_phyllanthus,-37.363333,-10.729722
Melocactus_violaceus,-37.340667,-10.75325
Rhipsalis_lindbergiana,-37.368056,-10.754167
Cereus_fernambucensis,-36.461583,-10.487306
Melocactus_violaceus,-37.364167,-10.824444
Cereus_fernambucensis,-37.087222,-10.759167
Pilosocereus_catingicola,-36.454722,-10.485833
Tacinga_palmadora,-37.156667,-9.984444
Epiphyllum_phyllanthus,-38.225556,-11.058889
Rhipsalis_floccosa,-37.165278,-10.731667
Tacinga_palmadora,-38.185,-10.703056
Pilosocereus_catingicola,-37.278056,-9.917222
Pilosocereus_pentaedrophorus,-38.309167,-11.189722
Melocactus_zehntneri,-38.309167,-11.189722
Tacinga_inamoena,-37.873333,-10.721111
Rhipsalis_floccosa,-37.1125,-10.604167
Cereus_jamacaru,-37.083056,-9.9675
Melocactus_zehntneri,-37.267472,-9.914033
Pilosocereus_pachycladus,-36.631533,-10.455019
Cereus_jamacaru,-37.590028,-10.1575
Pilosocereus_catingicola,-37.703611,-10.179333
Pilosocereus_catingicola,-36.775833,-10.6475
Cereus_fernambucensis,-36.892236,-10.767972
Epiphyllum_phyllanthus,-37.811111,-10.738333
Melocactus_violaceus,-37.348692,-10.872942
Tacinga_palmadora,-37.111942,-9.946239
Tacinga_inamoena,-37.111942,-9.946239
Cereus_jamacaru,-37.703611,-10.179333
Melocactus_zehntneri,-37.590944,-10.685208
Melocactus_violaceus,-36.828233,-10.447314
Melocactus_violaceus,-36.626758,-10.456003
Pilosocereus_pachycladus,-37.107417,-10.000108
Melocactus_zehntneri,-37.111942,-9.946239
Pilosocereus_catingicola,-37.107417,-10.000081
Epiphyllum_phyllanthus,-37.143611,-10.839611
Melocactus_violaceus,-36.804444,-10.640833
Cereus_jamacaru,-37.645278,-10.879639
Epiphyllum_phyllanthus,-37.724722,-11.068889
Cereus_fernambucensis,-36.829444,-10.699444
Tacinga_palmadora,-37.420506,-11.060556
Epiphyllum_phyllanthus,-37.131417,-10.718167
Pilosocereus_catingicola,-37.419861,-10.1035
Cereus_jamacaru,-37.419861,-10.1035
Cereus_jamacaru,-37.355528,-10.0975
Melocactus_zehntneri,-37.421611,-10.107056
Rhipsalis_lindbergiana,-37.811111,-10.738333
Pilosocereus_pentaedrophorus,-37.811111,-10.738333
Pilosocereus_catingicola,-37.130556,-11.0925
Cereus_jamacaru,-37.409756,-10.036106
Pilosocereus_pentaedrophorus,-37.419861,-10.1035
Cereus_jamacaru,-37.533889,-10.549444
Melocactus_violaceus,-36.873747,-10.678208
Rhipsalis_floccosa,-37.355833,-10.773056
Epiphyllum_phyllanthus,-44.973056,-12.363333
Pilosocereus_pentaedrophorus,-38.183333,-10.708333
Melocactus_zehntneri,-37.967694,-9.723167
Tacinga_palmadora,-37.278056,-9.917222
Tacinga_palmadora,-37.967444,-9.723972
Tacinga_palmadora,-37.549722,-10.033333
Tacinga_inamoena,-43.141389,-11.089444
Melocactus_ernestii,-37.980944,-10.888667
Cereus_jamacaru,-42.504167,-10.003333
Cereus_jamacaru,-37.684167,-9.805278
Melocactus_zehntneri,-43.141389,-11.089444
Pilosocereus_catingicola,-37.684167,-9.805278
Pilosocereus_catingicola,-38.013928,-11.173486
Rhipsalis_lindbergiana,-37.684167,-9.805278
Pilosocereus_catingicola,-37.198333,-10.226944
Cereus_albicaulis,-42.504167,-10.003333
Melocactus_ernestii,-37.684167,-9.805278
Cereus_jamacaru,-37.789167,-9.66
Cereus_jamacaru,-37.198333,-10.226944
Rhipsalis_lindbergiana,-37.493056,-10.733333
Melocactus_zehntneri,-37.684167,-9.805278
Melocactus_violaceus,-37.054167,-10.789167
Pilosocereus_catingicola,-37.425,-10.685278
Rhipsalis_lindbergiana,-36.010444,-8.391583
Rhipsalis_floccosa,-35.864444,-8.332611
Rhipsalis_floccosa,-35.791944,-6.9175
Rhipsalis_floccosa,-36.5625,-8.5625
Tacinga_inamoena,-38.896944,-8.870833
Melocactus_bahiensis,-36.043056,-8.448056
Pilosocereus_pachycladus,-36.000015,-6.660034
Cereus_jamacaru,-36.000015,-6.660034
Melocactus_bahiensis,-36.601111,-8.611944
Cereus_jamacaru,-39.030028,-7.883806
Cereus_jamacaru,-39.006639,-7.70325
Cereus_jamacaru,-39.178278,-8.091417
Cereus_albicaulis,-38.891222,-7.539167
Pilosocereus_pernambucoensis,-38.861,-7.590056
Tacinga_palmadora,-37.573417,-8.163056
Pilosocereus_pernambucoensis,-37.786667,-8.329333
Cereus_jamacaru,-37.6994,-8.2507
Pilosocereus_pachycladus,-37.234833,-8.007583
Cereus_jamacaru,-39.052139,-7.834861
Cereus_jamacaru,-34.863056,-7.115
Cereus_fernambucensis,-39.466667,-14.983333
Tacinga_palmadora,-39.168333,-9.594722
Pilosocereus_catingicola,-39.616667,-10.783333
Epiphyllum_phyllanthus,-39.536389,-15.408333
Rhipsalis_floccosa,-39.536389,-15.408333
Cereus_jamacaru,-35.75,-6.990556
Melocactus_zehntneri,-38.916667,-9.035278
Cereus_jamacaru,-38,-9.309167
Tacinga_palmadora,-40.475833,-8.166667
Melocactus_zehntneri,-40.309167,-8.285278
Cereus_albicaulis,-39.785278,-7.8925
Tacinga_palmadora,-37.701944,-8.118611
Tacinga_palmadora,-37.559167,-8.25
Melocactus_zehntneri,-38.8925,-7.701944
Pilosocereus_pachycladus,-39.6425,-8.618611
Melocactus_zehntneri,-39.559167,-8.451944
Tacinga_palmadora,-39.6425,-8.618611
Melocactus_zehntneri,-39.583333,-7.166667
Cereus_jamacaru,-35.973611,-7.285278
Pilosocereus_catingicola,-40.518333,-16.036111
Cereus_jamacaru,-36.36,-7.057222
Cereus_jamacaru,-42.529722,-14.525
Tacinga_palmadora,-38.955,-11.334722
Melocactus_zehntneri,-39,-8.475833
Tacinga_inamoena,-37.252064,-8.500417
Tacinga_inamoena,-39.155556,-9.154444
Tacinga_palmadora,-39.155556,-9.154444
Cereus_albicaulis,-39.155556,-9.154444
Pilosocereus_catingicola,-39.155556,-9.154444
Tacinga_inamoena,-41.438889,-11.445278
Tacinga_inamoena,-42.819167,-10.820278
Cereus_jamacaru,-41.438889,-11.445278
Tacinga_inamoena,-41.331111,-11.325833
Pilosocereus_pachycladus,-41.331111,-11.325833
Rhipsalis_floccosa,-39.091389,-12.783889
Melocactus_zehntneri,-38.773611,-11.123333
Tacinga_inamoena,-41.736806,-9.422656
Pilosocereus_pernambucoensis,-37.048372,-10.619922
Cereus_jamacaru,-37.048372,-10.619922
Pilosocereus_catingicola,-38.288425,-9.431728
Cereus_fernambucensis,-36.485781,-10.423942
Tacinga_inamoena,-40.841928,-9.658558
Cereus_jamacaru,-38.288425,-9.431728
Tacinga_inamoena,-38.563889,-10.129497
Tacinga_palmadora,-38.563889,-10.129497
Tacinga_inamoena,-39.4277,-10.501197
Tacinga_inamoena,-42.906758,-11.925972
Tacinga_inamoena,-38.288425,-9.431728
Tacinga_palmadora,-37.724969,-10.260147
Pilosocereus_catingicola,-38.875278,-11.878333
Cereus_jamacaru,-38.875278,-11.878333
Cereus_jamacaru,-39.501389,-12.408333
Cereus_fernambucensis,-39.858889,-12.87
Pilosocereus_pentaedrophorus,-40.86,-14.94
Rhipsalis_floccosa,-39.351389,-15.181389
Tacinga_palmadora,-43.866944,-14.229167
Tacinga_inamoena,-43.866944,-14.229167
Tacinga_inamoena,-42.574167,-14.747222
Tacinga_inamoena,-40.583333,-9.416667
Melocactus_violaceus,-38.9522,-13.9883
Cereus_fernambucensis,-39.039072,-15.159747
Cereus_jamacaru,-35.585278,-6.892222
Epiphyllum_phyllanthus,-40.4908,-12.2997
Rhipsalis_floccosa,-39.0692,-14.7819
Tacinga_palmadora,-34.9503,-8.0128
Rhipsalis_floccosa,-39.58,-15.17
Rhipsalis_floccosa,-37.3889,-10.6875
Cereus_jamacaru,-38.77,-11.86
Tacinga_palmadora,-38.9797,-10.8953
Epiphyllum_phyllanthus,-39.381867,-14.34533
Rhipsalis_floccosa,-39.5378,-14.7728
Tacinga_inamoena,-44.99,-12.15
Cereus_jamacaru,-38.986667,-12.590833
Cereus_jamacaru,-39.999722,-4.071389
Tacinga_palmadora,-39.998611,-4.068889
Pilosocereus_pachycladus,-36.3942,-8.3312
Tacinga_inamoena,-36.3936,-8.3308
Cereus_jamacaru,-36.3956,-8.3319
Melocactus_zehntneri,-36.3947,-8.3343
Tacinga_inamoena,-41.346111,-9.343333
Pilosocereus_pachycladus,-39.3,-11.933333
Cereus_jamacaru,-41.883333,-9.45
Pilosocereus_pachycladus,-40.9,-12.35
Tacinga_palmadora,-41.334167,-10.335556
Tacinga_inamoena,-36.502778,-6.508611
Epiphyllum_phyllanthus,-38.868056,-4.165722
Tacinga_inamoena,-39.85,-12.85
Cereus_jamacaru,-39.85,-12.85
Tacinga_palmadora,-39.85,-12.85
Epiphyllum_phyllanthus,-40.330528,-13.640972
Rhipsalis_lindbergiana,-40.324936,-14.253983
Tacinga_palmadora,-39.25,-8.725833
Tacinga_inamoena,-39.559167,-8.451944
Tacinga_palmadora,-38.409106,-9.887114
Melocactus_ernestii,-36.107778,-8.200278
Cereus_jamacaru,-36.043056,-8.448056
Pilosocereus_catingicola,-37.233611,-8.518889
Cereus_jamacaru,-43.463056,-15.709167
Tacinga_inamoena,-43.463056,-15.709167
Tacinga_inamoena,-43.15,-11.816667
Pilosocereus_pachycladus,-42.530833,-14.534444
Pilosocereus_pachycladus,-42.056583,-16.028639
Cereus_albicaulis,-41.288889,-11.650556
Cereus_jamacaru,-36.370056,-10.373194
Cereus_albicaulis,-39.695833,-9.210556
Tacinga_inamoena,-39.599444,-9.938889
Melocactus_zehntneri,-41.404444,-3.535833
Cereus_jamacaru,-41.406667,-3.385556
Cereus_jamacaru,-42.057222,-16.864722
Rhipsalis_floccosa,-41.902778,-13.908333
Tacinga_inamoena,-41.277778,-16.02
Cereus_jamacaru,-40.928333,-5.93
Cereus_jamacaru,-36.406111,-8.41
Pilosocereus_pachycladus,-36.406111,-8.41
Tacinga_inamoena,-38.384167,-7.384722
Cereus_jamacaru,-38.384167,-7.384722
Tacinga_inamoena,-40.319722,-9.330278
Melocactus_zehntneri,-40.319722,-9.330278
Cereus_jamacaru,-38.968056,-12.979444
Cereus_fernambucensis,-34.985556,-8.205833
Epiphyllum_phyllanthus,-34.985556,-8.205833
Pilosocereus_pentaedrophorus,-35.843944,-8.381944
Cereus_jamacaru,-37.2,-9.911094
Rhipsalis_floccosa,-36.516219,-9.970525
Melocactus_violaceus,-36.696636,-9.93395
Tacinga_palmadora,-38.567075,-9.4371
Epiphyllum_phyllanthus,-38.136744,-9.468572
Pilosocereus_pernambucoensis,-36.794011,-9.534075
Rhipsalis_floccosa,-36.794011,-9.534075
Epiphyllum_phyllanthus,-36.794011,-9.534075
Epiphyllum_phyllanthus,-36.656181,-9.755408
Rhipsalis_floccosa,-36.656181,-9.755408
Rhipsalis_floccosa,-36.507522,-9.436506
Epiphyllum_phyllanthus,-36.507522,-9.436506
Epiphyllum_phyllanthus,-36.4054,-9.627778
Rhipsalis_floccosa,-36.571675,-9.527539
Epiphyllum_phyllanthus,-36.191519,-10.094019
Pilosocereus_catingicola,-36.435717,-10.293264
Cereus_fernambucensis,-36.435717,-10.293264
Cereus_jamacaru,-36.4054,-9.627778
Cereus_jamacaru,-37.420647,-9.627656
Pilosocereus_pachycladus,-43.017778,-15.091944
Melocactus_zehntneri,-44.953611,-12.379167
Tacinga_inamoena,-43.8575,-8.945833
Rhipsalis_floccosa,-40.040417,-16.402806
Pilosocereus_pentaedrophorus,-41.5,-12.383333
Cereus_jamacaru,-41.548333,-12.996944
Cereus_jamacaru,-41.573611,-12.924167
Pilosocereus_pachycladus,-41.5,-12.383333
Pilosocereus_pachycladus,-41.116667,-13.216667
Cereus_jamacaru,-41.5,-12.383333
Pilosocereus_catingicola,-38.0175,-9.563333
Tacinga_palmadora,-40.491667,-10.482222
Rhipsalis_lindbergiana,-40.483333,-10.483333
Epiphyllum_phyllanthus,-39.7,-12.716667
Tacinga_inamoena,-40.388889,-9.688917
Tacinga_palmadora,-39.7,-12.716667
Pilosocereus_pentaedrophorus,-41.266667,-13.416667
Tacinga_inamoena,-42.766667,-11.016667
Melocactus_bahiensis,-42.733333,-11.116667
Pilosocereus_pachycladus,-42.733333,-11.116667
Melocactus_bahiensis,-41.633333,-13.55
Pilosocereus_catingicola,-41.233333,-16.1
Melocactus_ernestii,-43.066667,-15.816667
Tacinga_inamoena,-38.833333,-8.083333
Tacinga_inamoena,-42.916667,-16.533333
Tacinga_inamoena,-37.1337,-9.120033
Cereus_jamacaru,-37.1337,-9.120033
Pilosocereus_pachycladus,-37.1337,-9.120033
Tacinga_palmadora,-36.092944,-8.587083
Pilosocereus_pernambucoensis,-35.922222,-8.238333
Melocactus_bahiensis,-38.228333,-9.088056
Tacinga_inamoena,-38.228333,-9.088056
Pilosocereus_pachycladus,-38.16975,-8.267889
Tacinga_inamoena,-34.950278,-8.012778
Tacinga_inamoena,-38.206111,-8.289639
Melocactus_zehntneri,-36.388667,-8.2075
Tacinga_palmadora,-36.879167,-8.575
Melocactus_ernestii,-36.197633,-8.234583
Rhipsalis_floccosa,-35.7638,-8.161217
Tacinga_palmadora,-36.197633,-8.234583
Melocactus_ernestii,-36.779367,-8.44775
Melocactus_bahiensis,-36.879167,-8.575
Pilosocereus_pachycladus,-37.166667,-8.616667
Cereus_jamacaru,-34.950278,-8.012778
Cereus_jamacaru,-35.695833,-8.494444
Cereus_albicaulis,-42.489167,-8.733611
Cereus_jamacaru,-36.72,-9.54
Melocactus_bahiensis,-42.781389,-16.114167
Tacinga_inamoena,-42.700278,-16.080556
Pilosocereus_pentaedrophorus,-40.994444,-11.997222
Tacinga_inamoena,-40.096944,-12.091111
Cereus_jamacaru,-39.783333,-12.783333
Tacinga_inamoena,-39.516667,-12.766667
Tacinga_palmadora,-39.516667,-12.766667
Cereus_jamacaru,-38.930833,-11.452778
Cereus_albicaulis,-39.470333,-7.464167
Cereus_jamacaru,-37.275139,-7.059806
Tacinga_palmadora,-37.196837,-8.531343
Pilosocereus_pachycladus,-37.325939,-8.465799
Pilosocereus_pachycladus,-37.317409,-8.413305
Tacinga_palmadora,-37.317409,-8.413305
Pilosocereus_pachycladus,-37.196837,-8.531343
Tacinga_palmadora,-37.397336,-8.555353
Pilosocereus_pachycladus,-37.397336,-8.555353
Cereus_jamacaru,-37.397336,-8.555353
Cereus_jamacaru,-37.355059,-8.507242
Cereus_jamacaru,-39.649108,-9.845822
Pilosocereus_pachycladus,-40.628889,-7.328889
Pilosocereus_catingicola,-38.932778,-11.292778
Cereus_jamacaru,-39.059997,-3.600003
Cereus_jamacaru,-40.16666,-14
Pilosocereus_pachycladus,-38.009722,-8.003333
Tacinga_inamoena,-38.009722,-8.003333
Melocactus_zehntneri,-39.306389,-8.303056
Tacinga_inamoena,-38.042222,-7.479722
Cereus_jamacaru,-38.567075,-9.38895
Pilosocereus_pernambucoensis,-36.721311,-9.388897
Rhipsalis_floccosa,-36.721311,-9.388897
Melocactus_bahiensis,-37.048372,-10.619922
Melocactus_ernestii,-38.567075,-9.4371
Pilosocereus_pernambucoensis,-38.567075,-9.4371
Tacinga_inamoena,-38.567075,-9.4371
Melocactus_violaceus,-36.435717,-10.293264
Rhipsalis_floccosa,-36.610469,-10.523519
Rhipsalis_floccosa,-39.603889,-14.7025
Pilosocereus_pachycladus,-41.076111,-11.448333
Cereus_jamacaru,-39.524444,-7.325556
Melocactus_bahiensis,-39.336944,-11.336111
Melocactus_zehntneri,-39.336944,-11.336111
Tacinga_palmadora,-39.336944,-11.336111
Cereus_jamacaru,-39.366944,-11.379167
Melocactus_zehntneri,-40.077489,-5.429542
Tacinga_inamoena,-40.077283,-5.426219
Tacinga_inamoena,-40.254167,-6.552222
Epiphyllum_phyllanthus,-40.950833,-3.84
Epiphyllum_phyllanthus,-38.971167,-4.206028
Melocactus_bahiensis,-36.107778,-8.200278
Tacinga_palmadora,-39.076064,-11.28365
Pilosocereus_catingicola,-37.344444,-5.191944
Tacinga_inamoena,-36.244722,-5.7
Cereus_jamacaru,-35.216667,-5.8
Tacinga_inamoena,-37.075,-5.983333
Cereus_jamacaru,-40.999472,-13.102389
Cereus_fernambucensis,-37.783333,-11.55
Tacinga_inamoena,-39.08,-4.077778
Pilosocereus_pentaedrophorus,-39.657222,-12.656667
Pilosocereus_catingicola,-42.577222,-14.578333
Pilosocereus_catingicola,-39.916389,-12.912778
Pilosocereus_catingicola,-39.959167,-11.961111
Pilosocereus_catingicola,-37.729167,-4.726667
Pilosocereus_catingicola,-36.993611,-5.985
Pilosocereus_pernambucoensis,-35.897222,-5.8975
Cereus_jamacaru,-35.897222,-5.8975
Cereus_jamacaru,-38.933056,-12.925833
Tacinga_inamoena,-41.518611,-14.519167
Tacinga_inamoena,-42.942222,-10.948333
Tacinga_palmadora,-35.985556,-6.985278
Epiphyllum_phyllanthus,-39.045833,-12.038889
Rhipsalis_lindbergiana,-39.045833,-12.038889
Tacinga_palmadora,-39.745833,-12.749444
Tacinga_inamoena,-39.745833,-12.749444
Pilosocereus_pentaedrophorus,-39.745833,-12.749444
Cereus_jamacaru,-39.183333,-11.183333
Tacinga_inamoena,-41.083333,-10.083333
Pilosocereus_catingicola,-38.503611,-9.501111
Tacinga_inamoena,-38.467222,-9.47
Pilosocereus_pentaedrophorus,-38.467222,-9.475833
Melocactus_zehntneri,-38.516389,-9.500833
Cereus_albicaulis,-40.3925,-8.3925
Pilosocereus_catingicola,-39.2,-11.2
Melocactus_zehntneri,-42.691389,-8.696667
Melocactus_zehntneri,-42.638056,-8.644722
Cereus_albicaulis,-42.715556,-8.700556
Tacinga_inamoena,-42.703611,-8.715
Tacinga_inamoena,-42.418333,-8.418889
Cereus_jamacaru,-42.472222,-8.480278
Tacinga_palmadora,-42.668056,-8.676389
Cereus_jamacaru,-42.565556,-8.554722
Tacinga_inamoena,-42.472222,-8.480278
Tacinga_inamoena,-39.057222,-9.064444
Pilosocereus_pentaedrophorus,-39.2,-11.2
Tacinga_palmadora,-39.2,-11.2
Rhipsalis_lindbergiana,-35.5825,-6.5825
Melocactus_ernestii,-41.331944,-11.330833
Rhipsalis_lindbergiana,-35.675556,-6.6825
Cereus_jamacaru,-39.470278,-9.469722
Tacinga_inamoena,-38.567778,-8.569722
Tacinga_inamoena,-40.570833,-13.572222
Pilosocereus_catingicola,-40.51,-13.501944
Tacinga_inamoena,-39.726111,-8.720556
Tacinga_inamoena,-39.599444,-9.599444
Tacinga_palmadora,-39.608611,-9.609444
Tacinga_inamoena,-43.638611,-9.647778
Tacinga_palmadora,-39.066667,-10.066667
Tacinga_palmadora,-39.537222,-12.546944
Melocactus_zehntneri,-39.661944,-9.650833
Cereus_jamacaru,-39.536667,-12.546667
Tacinga_inamoena,-39.661944,-9.650833
Cereus_albicaulis,-39.695833,-9.693889
Cereus_albicaulis,-38.3975,-10.389444
Tacinga_palmadora,-37.87,-9.881944
Tacinga_inamoena,-40.229444,-10.223611
Melocactus_zehntneri,-41.376389,-11.376389
Cereus_albicaulis,-43.4275,-9.429722
Tacinga_palmadora,-39.443611,-9.442778
Melocactus_zehntneri,-39.858056,-9.858333
Tacinga_inamoena,-39.373056,-8.370278
Tacinga_inamoena,-39.936111,-9.947778
Melocactus_zehntneri,-41.046111,-11.0425
Cereus_albicaulis,-41.046111,-11.0425
Pilosocereus_pentaedrophorus,-41.085,-11.09
Tacinga_palmadora,-41.085,-11.09
Tacinga_palmadora,-40.519722,-9.530556
Pilosocereus_pernambucoensis,-40.416667,-7.416667
Cereus_albicaulis,-40.187778,-8.196944
Cereus_jamacaru,-37.394722,-6.399444
Cereus_jamacaru,-42.946944,-9.938333
Cereus_jamacaru,-38.678889,-6.674167
Cereus_jamacaru,-42.650278,-12.658056
Cereus_jamacaru,-40.534722,-6.535278
Pilosocereus_pachycladus,-36,-8
Epiphyllum_phyllanthus,-38.033333,-12.033333
Tacinga_inamoena,-42.054722,-11.059167
Tacinga_inamoena,-42.524444,-14.531944
Tacinga_inamoena,-38.145556,-9.1475
Tacinga_palmadora,-38.145556,-9.1475
Melocactus_zehntneri,-39.078889,-8.073889
Tacinga_inamoena,-39.078889,-8.073889
Melocactus_zehntneri,-38.958333,-8.961389
Melocactus_zehntneri,-38.909444,-8.909167
Tacinga_palmadora,-42.629444,-14.622778
Tacinga_inamoena,-42.650833,-14.665278
Tacinga_inamoena,-40.881667,-9.869722
Melocactus_zehntneri,-40.382778,-9.376944
Tacinga_inamoena,-40.383056,-9.377222
Rhipsalis_lindbergiana,-41.305,-11.312222
Rhipsalis_lindbergiana,-41.331389,-10.3225
Rhipsalis_floccosa,-41.304444,-11.311667
Epiphyllum_phyllanthus,-41.304444,-11.311667
Tacinga_inamoena,-41.270278,-11.279167
Pilosocereus_pentaedrophorus,-39.082778,-12.072778
Cereus_jamacaru,-41.193889,-11.188333
Pilosocereus_catingicola,-41.193889,-11.188333
Pilosocereus_pachycladus,-41.094722,-11.091667
Melocactus_zehntneri,-38.773611,-11.773333
Melocactus_zehntneri,-44.953611,-12.9625
Pilosocereus_catingicola,-38.324167,-9.326389
Epiphyllum_phyllanthus,-40.998056,-11.992222
Rhipsalis_floccosa,-40.998056,-11.992222
Tacinga_inamoena,-44.2125,-14.215
Tacinga_inamoena,-43.784444,-14.784722
Tacinga_palmadora,-39.018056,-9.028333
Rhipsalis_floccosa,-39.476944,-12.469722
Pilosocereus_catingicola,-41.326944,-11.3275
Cereus_albicaulis,-41.234444,-11.235278
Pilosocereus_pentaedrophorus,-39.183889,-12.195
Cereus_jamacaru,-40.407778,-11.413611
Pilosocereus_pachycladus,-44.32,-13.319444
Cereus_jamacaru,-44.32,-13.319444
Rhipsalis_lindbergiana,-41.171111,-11.1775
Tacinga_inamoena,-41.221667,-11.226111
Epiphyllum_phyllanthus,-39.183333,-12.183333
Rhipsalis_lindbergiana,-39.187778,-12.183611
Tacinga_palmadora,-37.268056,-9.267222
Rhipsalis_lindbergiana,-41.75,-13.75
Pilosocereus_pentaedrophorus,-40.4875,-12.484167
Tacinga_inamoena,-38.7325,-9.724444
Tacinga_inamoena,-39.905,-10.913889
Melocactus_zehntneri,-39.912778,-10.912222
Rhipsalis_lindbergiana,-41.195556,-10.196944
Tacinga_inamoena,-39.470833,-12.467778
Tacinga_inamoena,-39.752778,-11.7575
Cereus_fernambucensis,-38.35,-12.35
Pilosocereus_catingicola,-38.35,-12.35
Melocactus_violaceus,-38.35,-12.35
Pilosocereus_catingicola,-38.748889,-11.739444
Melocactus_zehntneri,-38.466944,-9.481111
Tacinga_palmadora,-38.467222,-9.478333
Tacinga_inamoena,-38.773611,-11.773333
Tacinga_inamoena,-42.564722,-9.554167
Rhipsalis_floccosa,-40.536667,-12.545556
Rhipsalis_lindbergiana,-40.478333,-12.4675
Tacinga_inamoena,-38.636389,-9.648333
Tacinga_palmadora,-38.537222,-9.536667
Tacinga_palmadora,-40.228611,-10.2225
Tacinga_palmadora,-40.156389,-10.163056
Epiphyllum_phyllanthus,-40.490833,-12.499722
Epiphyllum_phyllanthus,-37.953611,-11.952222
Melocactus_bahiensis,-40.484167,-12.493056
Tacinga_inamoena,-41.173611,-10.176667
Melocactus_violaceus,-40.491111,-12.488056
Melocactus_bahiensis,-41.104167,-14.103333
Tacinga_palmadora,-38.978056,-10.975833
Tacinga_inamoena,-41.148889,-9.135
Tacinga_palmadora,-37.432778,-8.425833
Tacinga_palmadora,-38.943056,-8.936667
Tacinga_inamoena,-38.943056,-8.936667
Melocactus_ernestii,-38.054167,-7.056944
Tacinga_palmadora,-37.346944,-8.340278
Tacinga_palmadora,-38.564722,-8.556667
Tacinga_inamoena,-39,-12
Cereus_albicaulis,-38.983333,-9.983333
Pilosocereus_catingicola,-39.15,-10.15
Melocactus_zehntneri,-39.15,-10.15
Tacinga_inamoena,-36.889722,-7.893056
Tacinga_inamoena,-39.15,-10.15
Tacinga_inamoena,-38.998056,-9.997778
Tacinga_inamoena,-35.675556,-6.666667
Tacinga_inamoena,-41.113333,-11.1125
Melocactus_ernestii,-39.060833,-12.055
Pilosocereus_pentaedrophorus,-38.966667,-12.966667
Rhipsalis_floccosa,-38.966667,-12.966667
Rhipsalis_lindbergiana,-38.966667,-12.966667
Cereus_jamacaru,-39.15,-10.15
Tacinga_inamoena,-41.866667,-11.866667
Rhipsalis_lindbergiana,-40.916667,-11.916667
Rhipsalis_floccosa,-41.066667,-14.066667
Tacinga_inamoena,-42.045556,-9.046389
Melocactus_zehntneri,-42.045556,-9.046389
Tacinga_inamoena,-43.141944,-9.135
Tacinga_inamoena,-43.028889,-9.024722
Rhipsalis_floccosa,-41.758056,-13.759167
Tacinga_palmadora,-38.986944,-9.989444
Pilosocereus_catingicola,-39.366667,-12.366667
Melocactus_ernestii,-39.833333,-12.833333
Melocactus_ernestii,-39.533333,-12.533333
Pilosocereus_pentaedrophorus,-39.833333,-12.833333
Melocactus_ernestii,-40.414722,-13.403333
Tacinga_palmadora,-39.733333,-10.733333
Tacinga_inamoena,-39.733333,-10.733333
Tacinga_palmadora,-40.139722,-12.149167
Cereus_fernambucensis,-37.6,-11.6
Pilosocereus_catingicola,-38.0175,-9.03
Cereus_jamacaru,-42.383333,-9.383333
Cereus_fernambucensis,-38.95,-13.95
Melocactus_zehntneri,-35.466667,-6.466667
Rhipsalis_floccosa,-41.95,-13.95
Tacinga_inamoena,-42.614444,-11.613611
Tacinga_inamoena,-41.787778,-9.7875
Tacinga_palmadora,-39.6,-10.6
Tacinga_inamoena,-39.6,-10.6
Cereus_jamacaru,-39.6,-10.6
Melocactus_zehntneri,-39.6,-10.6
Pilosocereus_catingicola,-39.6,-10.6
Pilosocereus_pentaedrophorus,-39.6,-12.6
Pilosocereus_pentaedrophorus,-40.478889,-10.471667
Tacinga_palmadora,-43.288056,-13.289444
Cereus_jamacaru,-39.866667,-9.866667
Tacinga_inamoena,-41.834167,-13.837222
Tacinga_inamoena,-42.716667,-11.724167
Melocactus_violaceus,-40.510833,-11.503056
Tacinga_inamoena,-40.45,-11.45
Cereus_albicaulis,-39.856667,-12.855
Rhipsalis_lindbergiana,-40.545278,-11.535278
Melocactus_zehntneri,-42.733333,-11.733333
Melocactus_ernestii,-39.7,-12.7
Tacinga_inamoena,-39.7,-12.7
Rhipsalis_floccosa,-37.383333,-10.383333
Pilosocereus_catingicola,-38.2,-9.2
Tacinga_inamoena,-38.2,-9.2
Rhipsalis_floccosa,-39.7,-13.7
Pilosocereus_catingicola,-39.5,-11.5
Tacinga_inamoena,-39.983333,-12.983333
Tacinga_palmadora,-41.278056,-13.280556
Tacinga_inamoena,-41.266667,-13.266667
Tacinga_palmadora,-39.816667,-11.816667
Epiphyllum_phyllanthus,-39.533333,-12.533333
Tacinga_inamoena,-38.966667,-12.966667
Tacinga_palmadora,-39.083333,-12.083333
Melocactus_ernestii,-37.266667,-8.503889
Melocactus_zehntneri,-36.308611,-7.333333
Rhipsalis_floccosa,-39.1575,-14.804722
Melocactus_zehntneri,-38.617222,-9.411944
Pilosocereus_pernambucoensis,-36.749444,-7.505278
Melocactus_ernestii,-37.245,-8.586667
Tacinga_palmadora,-37.266667,-8.503889
Melocactus_zehntneri,-37.052222,-5.5625
Pilosocereus_pernambucoensis,-37.052222,-5.5625
Pilosocereus_pachycladus,-36.308611,-7.333333
Pilosocereus_pernambucoensis,-36.308611,-7.333333
Cereus_albicaulis,-37.246944,-8.548333
Tacinga_inamoena,-38.718611,-8.059722
Cereus_jamacaru,-38.718611,-8.059722
Melocactus_zehntneri,-38.718611,-8.059722
Tacinga_inamoena,-43.490278,-9.219167
Melocactus_zehntneri,-39.566944,-8.093056
Tacinga_inamoena,-37.246944,-8.548333
Cereus_jamacaru,-37.195278,-8.530278
Pilosocereus_pernambucoensis,-40.710556,-7.416389
Pilosocereus_pernambucoensis,-38.546111,-7.613611
Tacinga_inamoena,-37.195278,-8.530278
Tacinga_palmadora,-35.666667,-6.35
Melocactus_violaceus,-35.016667,-7.316667
Pilosocereus_catingicola,-37.245,-8.586667
Cereus_fernambucensis,-39.016111,-14.962222
Cereus_jamacaru,-39.366667,-12.5
Cereus_albicaulis,-42,-9.55
Cereus_fernambucensis,-38.333333,-12.934722
Pilosocereus_pentaedrophorus,-38.333333,-12.934722
Tacinga_inamoena,-35.466667,-6.6
Tacinga_inamoena,-35.666667,-6.35
Melocactus_zehntneri,-35.466667,-6.6
Melocactus_zehntneri,-35.85,-6.233333
Tacinga_palmadora,-38.733333,-8.666667
Pilosocereus_catingicola,-44.14,-2.650833
Tacinga_palmadora,-38.483333,-9.333333
Melocactus_violaceus,-41.05,-16.366667
Cereus_jamacaru,-39.603889,-14.7025
Epiphyllum_phyllanthus,-39.385278,-15.189444
Tacinga_palmadora,-39.316667,-10.433333
Tacinga_palmadora,-40.083333,-13.85
Tacinga_palmadora,-39.133333,-9.9
Rhipsalis_floccosa,-37.6,-11.8
Tacinga_palmadora,-43.288056,-13.072778
Epiphyllum_phyllanthus,-35.9075,-9.27
Pilosocereus_pernambucoensis,-38.016667,-9.55
Tacinga_inamoena,-43.141944,-9.485
Rhipsalis_floccosa,-38.966667,-12.25
Rhipsalis_lindbergiana,-38.966667,-12.25
Tacinga_palmadora,-40.836111,-11.135278
Cereus_jamacaru,-42.383333,-9.95
Cereus_jamacaru,-39.766667,-12.7
Pilosocereus_pentaedrophorus,-39.766667,-12.7
Tacinga_inamoena,-38.2,-9.483333
Cereus_fernambucensis,-39.1,-14.666667
Pilosocereus_pentaedrophorus,-41.466667,-13.366667
Tacinga_inamoena,-38.65,-9.716667
Tacinga_palmadora,-39.083333,-12.533333
Cereus_jamacaru,-40.070711,-5.411836
Pilosocereus_catingicola,-39.490833,-12.568889
Tacinga_inamoena,-37.065833,-5.552778
Pilosocereus_catingicola,-40.215,-14.087778
Pilosocereus_catingicola,-37.547778,-10.098889
Tacinga_inamoena,-38.806944,-11.032778
Pilosocereus_catingicola,-37.103889,-10.115833
Pilosocereus_catingicola,-36.680833,-9.100833
Pilosocereus_catingicola,-40.752778,-10.535833
Pilosocereus_catingicola,-40.082778,-11.070833
Pilosocereus_catingicola,-41.265833,-11.520833
Pilosocereus_catingicola,-36.711944,-8.738889
Pilosocereus_catingicola,-37.716944,-9.757778
Pilosocereus_catingicola,-37.885,-11.626944
Pilosocereus_catingicola,-37.065833,-5.552778
Pilosocereus_catingicola,-38.373889,-10.553889
Pilosocereus_catingicola,-37.271944,-8.336944
Pilosocereus_catingicola,-37.262778,-8.131944
Pilosocereus_catingicola,-41.113889,-14.463889
Pilosocereus_catingicola,-36.901944,-8.56
Pilosocereus_catingicola,-38.852778,-10.852778
Pilosocereus_catingicola,-40.752778,-11.07
Pilosocereus_catingicola,-39.885,-12.295
Pilosocereus_catingicola,-39.955833,-13.003889
Pilosocereus_catingicola,-37.885,-4.818889
Pilosocereus_catingicola,-38.126111,-9.720833
Pilosocereus_catingicola,-41.086944,-11.48
Pilosocereus_catingicola,-41.115833,-13.970833
Pilosocereus_catingicola,-37.946944,-5.811944
Pilosocereus_catingicola,-39.810833,-10.677778
Pilosocereus_catingicola,-39.157778,-11.96
Melocactus_zehntneri,-41.185667,-6.697028
Cereus_jamacaru,-40.182361,-6.671639
Cereus_jamacaru,-38.816667,-3.566667
Tacinga_inamoena,-40.156944,-6.331389
Tacinga_inamoena,-39.143889,-7.222222
Pilosocereus_pernambucoensis,-39.628611,-7.147778
Melocactus_zehntneri,-39.075556,-7.180278
Pilosocereus_catingicola,-38.0025,-5.054722
Tacinga_inamoena,-38.661389,-6.226944
Cereus_jamacaru,-38.522778,-6.043889
Tacinga_inamoena,-37.887778,-4.817222
Tacinga_inamoena,-40.304444,-6.002222
Melocactus_zehntneri,-38.948889,-6.93
Tacinga_inamoena,-38.0025,-5.054722
Tacinga_inamoena,-39.920833,-6.807778
Tacinga_inamoena,-38.991667,-6.718333
Cereus_jamacaru,-39.143889,-7.222222
Cereus_jamacaru,-38.977778,-6.7425
Tacinga_inamoena,-38.303889,-5.426667
Pilosocereus_pernambucoensis,-40.225556,-6.116667
Pilosocereus_pernambucoensis,-40.181806,-6.673833
Tacinga_inamoena,-40.116667,-6.583333
Melocactus_zehntneri,-40.181556,-6.593556
Cereus_albicaulis,-40.116667,-6.65
Cereus_jamacaru,-40.133333,-6.616667
Epiphyllum_phyllanthus,-38.630689,-4.601861
Tacinga_inamoena,-39.024444,-4.955556
Rhipsalis_lindbergiana,-39.083333,-12.533333
Pilosocereus_pernambucoensis,-36.847778,-8.079444
Epiphyllum_phyllanthus,-36.433648,-9.231546
Pilosocereus_catingicola,-34.964444,-7.414167
Cereus_fernambucensis,-35.200556,-5.917222
Pilosocereus_catingicola,-35.200556,-5.917222
Melocactus_violaceus,-35.200556,-5.917222
Cereus_fernambucensis,-34.976944,-6.502222
Cereus_fernambucensis,-34.975556,-6.443889
Melocactus_ernestii,-36.766667,-8.133333
Tacinga_inamoena,-36.678056,-8.095833
Melocactus_ernestii,-36.8935,-7.476667
Melocactus_violaceus,-35.124167,-6.696389
Pilosocereus_pachycladus,-35.843944,-8.381944
Cereus_jamacaru,-38.457778,-6.984167
Tacinga_palmadora,-36.629167,-6.941944
Cereus_fernambucensis,-34.916667,-6.766667
Pilosocereus_catingicola,-34.916667,-6.766667
Melocactus_violaceus,-34.978633,-6.493617
Pilosocereus_catingicola,-34.978633,-6.493619
Tacinga_palmadora,-36.45475,-6.824917
Tacinga_inamoena,-36.45475,-6.824917
Pilosocereus_pernambucoensis,-36.898222,-7.470556
Tacinga_inamoena,-36.308611,-7.356944
Pilosocereus_pachycladus,-40.710556,-7.416389
Pilosocereus_pachycladus,-38.548056,-7.613611
Tacinga_inamoena,-38.228056,-6.759444
Melocactus_ernestii,-35.741667,-6.558333
Pilosocereus_pernambucoensis,-35.741667,-6.558333
Melocactus_zehntneri,-36.887778,-7.470833
Tacinga_inamoena,-35.675556,-6.416667
Melocactus_bahiensis,-36.888889,-7.466389
Tacinga_inamoena,-36.926667,-7.489167
Cereus_jamacaru,-38.228056,-6.759444
Epiphyllum_phyllanthus,-35.125833,-6.838889
Cereus_jamacaru,-36.272222,-7.390833
Melocactus_ernestii,-36.403611,-8.2075
Epiphyllum_phyllanthus,-35.2325,-7.096389
Tacinga_palmadora,-36.061111,-7.076944
Pilosocereus_pachycladus,-35.881111,-7.230833
Pilosocereus_pachycladus,-36.061111,-7.076944
Tacinga_palmadora,-36.287222,-7.489167
Tacinga_palmadora,-36.272222,-7.390833
Rhipsalis_floccosa,-35.691389,-6.963333
Pilosocereus_pernambucoensis,-35.881111,-7.230833
Tacinga_inamoena,-35.898333,-7.358333
Pilosocereus_pernambucoensis,-35.898333,-7.358333
Melocactus_zehntneri,-36.061111,-7.076944
Melocactus_zehntneri,-38.228056,-6.759444
Pilosocereus_pernambucoensis,-36.061111,-7.076944
Melocactus_zehntneri,-36.272222,-7.390833
Melocactus_ernestii,-36.061111,-7.076944
Cereus_jamacaru,-36.061111,-7.076944
Pilosocereus_catingicola,-35.125833,-6.838889
Tacinga_inamoena,-36.061111,-7.076944
Pilosocereus_catingicola,-34.863056,-7.115
Rhipsalis_floccosa,-35.5,-7.25
Pilosocereus_pernambucoensis,-36.665,-7.483333
Melocactus_violaceus,-35.125833,-6.838889
Tacinga_inamoena,-44.00555,-15.996228
Pilosocereus_pernambucoensis,-35.316667,-8.216667
Tacinga_inamoena,-35.316667,-8.216667
Tacinga_inamoena,-42.716667,-12.052778
Pilosocereus_pachycladus,-43.424444,-16.3375
Pilosocereus_pachycladus,-41.370833,-11.483056
Cereus_albicaulis,-42.516667,-14.716667
Cereus_fernambucensis,-37.933333,-12.45
Cereus_jamacaru,-44.95,-12.366667
Cereus_fernambucensis,-35.85,-9.783333
Cereus_fernambucensis,-36.3,-10.316667
Pilosocereus_pachycladus,-42.9,-15.066667
Melocactus_ernestii,-42.016444,-14.385722
Melocactus_bahiensis,-41.310444,-13.744083
Melocactus_ernestii,-36.328111,-8.153389
Melocactus_ernestii,-37.384,-7.252083
Melocactus_ernestii,-40.2685,-12.7895
Melocactus_ernestii,-39.188833,-12.021
Melocactus_ernestii,-42.808528,-15.144694
Melocactus_ernestii,-39.471111,-12.184306
Melocactus_ernestii,-41.769111,-13.805778
Melocactus_bahiensis,-36.680778,-8.749111
Melocactus_ernestii,-41.251944,-13.588639
Melocactus_bahiensis,-40.576056,-12.382833
Melocactus_ernestii,-41.919417,-14.431972
Melocactus_bahiensis,-41.862889,-12.408028
Melocactus_ernestii,-43.058083,-15.710389
Melocactus_ernestii,-41.304889,-15.9915
Melocactus_ernestii,-41.578914,-16.590861
Melocactus_bahiensis,-41.578914,-16.590861
Rhipsalis_lindbergiana,-40.016667,-16.033333
Tacinga_inamoena,-43.3,-15.8
Tacinga_inamoena,-43.619444,-16.660833
Tacinga_inamoena,-42.616667,-15.333333
Cereus_jamacaru,-44.255556,-15.121111
Tacinga_palmadora,-40.053722,-13.89925
Tacinga_inamoena,-40.053242,-14.900417
Cereus_fernambucensis,-38.969167,-15.456667
Tacinga_palmadora,-40.2275,-10.175556
Melocactus_violaceus,-37.409444,-10.030556
Melocactus_zehntneri,-38.718611,-8.559722
Cereus_jamacaru,-38.776111,-8.080833
Cereus_jamacaru,-35.9925,-8.395278
Pilosocereus_pernambucoensis,-35.843944,-8.381944
Cereus_jamacaru,-35.843944,-8.381944
Pilosocereus_pachycladus,-36,-8.383333
Cereus_jamacaru,-35.720278,-8.687
Tacinga_inamoena,-36.809639,-7.596083
Melocactus_violaceus,-37.251389,-8.530556
Tacinga_palmadora,-39.4,-9.733333
Melocactus_bahiensis,-35.8375,-8.334722
Tacinga_inamoena,-37.843111,-9.607639
Tacinga_palmadora,-37.843111,-9.607639
Cereus_jamacaru,-35.833333,-8.8
Epiphyllum_phyllanthus,-35.833333,-8.8
Cereus_fernambucensis,-38.216667,-5.8
Melocactus_violaceus,-35.216667,-5.8
Pilosocereus_catingicola,-38.216667,-5.8
Cereus_jamacaru,-38.216667,-5.8
Cereus_jamacaru,-41.804333,-2.843361
Melocactus_zehntneri,-41.9725,-7.017433
Cereus_jamacaru,-42.637222,-5.539722
Tacinga_palmadora,-39.766667,-12.7
Tacinga_inamoena,-41.293333,-10.718611
Cereus_jamacaru,-40.519722,-9.130556
Cereus_albicaulis,-40.3925,-9.059167
Cereus_jamacaru,-41.309167,-9.6425
Pilosocereus_pernambucoensis,-40.519722,-9.130556
Tacinga_palmadora,-40.519722,-9.130556
Pilosocereus_pernambucoensis,-40.416667,-7.916667
Pilosocereus_catingicola,-36.485781,-10.423942
Epiphyllum_phyllanthus,-36.571675,-9.527539
Tacinga_inamoena,-37.2473,-10.110417
Tacinga_palmadora,-40.396544,-9.174567
Tacinga_inamoena,-40.396544,-9.174567
Tacinga_inamoena,-37.488272,-10.559244
Tacinga_palmadora,-37.009167,-10.618222
Cereus_jamacaru,-36.502031,-10.19365
Pilosocereus_pernambucoensis,-38.255733,-9.372483
Pilosocereus_pernambucoensis,-38.021397,-10.359722
Pilosocereus_pernambucoensis,-37.422269,-9.627747
Cereus_jamacaru,-38.255747,-9.372483
Cereus_jamacaru,-38.021397,-10.359722
Cereus_jamacaru,-38.567244,-9.440308
Tacinga_palmadora,-38.021397,-10.359722
Cereus_jamacaru,-37.724969,-10.260147
Melocactus_zehntneri,-37.628303,-9.384575
Tacinga_inamoena,-37.628303,-9.384575
Cereus_jamacaru,-37.104081,-10.263511
Pilosocereus_pernambucoensis,-37.104081,-10.263511
Tacinga_palmadora,-37.628303,-9.384575
Tacinga_palmadora,-38.318703,-10.108233
Tacinga_inamoena,-38.318703,-10.108233
Tacinga_inamoena,-37.724969,-10.260147
Epiphyllum_phyllanthus,-36.642353,-10.009722
Melocactus_zehntneri,-37.724969,-10.260147
Pilosocereus_pernambucoensis,-37.724969,-10.260147
Tacinga_inamoena,-38.201875,-9.659722
Tacinga_palmadora,-38.201797,-9.659722
Tacinga_inamoena,-37.175694,-10.110364
Pilosocereus_pernambucoensis,-37.175694,-10.110364
Melocactus_ernestii,-38.375911,-9.731758
Tacinga_palmadora,-38.010156,-10.260147
Tacinga_inamoena,-38.375911,-9.731758
Cereus_fernambucensis,-36.502031,-10.19365
Tacinga_inamoena,-38.270286,-10.018967
Melocactus_zehntneri,-38.674097,-9.676003
Tacinga_inamoena,-37.270286,-10.018967
Tacinga_palmadora,-38.331719,-10.039075
Cereus_fernambucensis,-35.375919,-9.158025
Pilosocereus_catingicola,-36.971953,-10.487275
Cereus_fernambucensis,-36.344436,-10.166667
Melocactus_violaceus,-36.502031,-10.19365
Cereus_fernambucensis,-36.550339,-10.491211
Melocactus_violaceus,-36.550339,-10.491211
Cereus_fernambucensis,-39.985981,-16.742978
Cereus_fernambucensis,-36.231383,-10.116194
Melocactus_zehntneri,-38.516389,-9.651111
Pilosocereus_pentaedrophorus,-38.467222,-9.659167
Pilosocereus_pernambucoensis,-36.308611,-7.416667
Cereus_fernambucensis,-35.095,-8.714444
Pilosocereus_pachycladus,-35.375,-5.883333
Cereus_jamacaru,-35.375,-5.883333
Tacinga_inamoena,-38.321111,-7.983333
Cereus_jamacaru,-38.321111,-7.983333
Tacinga_inamoena,-41.15,-5.866667
Cereus_albicaulis,-42.1,-9.483333
Cereus_jamacaru,-43.133333,-11.083333
Pilosocereus_pentaedrophorus,-40.129444,-14.412778
Melocactus_ernestii,-42.526389,-14.583333
Tacinga_inamoena,-39.08,-4.977778
Pilosocereus_pachycladus,-42.576111,-14.759167
Rhipsalis_lindbergiana,-35.5825,-6.865833
Cereus_jamacaru,-40.283333,-9.283333
Epiphyllum_phyllanthus,-40.695,-11.241111
Melocactus_violaceus,-37.774444,-12.240278
Cereus_fernambucensis,-37.590278,-11.901111
Pilosocereus_catingicola,-40.807778,-9.390556
Cereus_jamacaru,-40.807778,-9.390556
Pilosocereus_pachycladus,-42.524444,-14.615278
Tacinga_palmadora,-38.145556,-9.714167
Tacinga_inamoena,-42.524444,-14.615278
Tacinga_inamoena,-38.145556,-9.714167
Tacinga_palmadora,-40.283333,-9.283333
Tacinga_palmadora,-41.15,-11.55
Melocactus_zehntneri,-41.944167,-11.164722
Cereus_jamacaru,-41.822778,-11.406111
Tacinga_inamoena,-40.846667,-9.480556
Melocactus_zehntneri,-40.881667,-9.519722
Tacinga_palmadora,-42.629444,-14.756111
Tacinga_inamoena,-42.650833,-14.765278
Cereus_jamacaru,-39.383333,-11.8
Tacinga_inamoena,-40.516667,-11.166667
Rhipsalis_floccosa,-39.722222,-14.167222
Melocactus_zehntneri,-41.338056,-11.490278
Tacinga_inamoena,-42.537222,-14.350833
Melocactus_bahiensis,-42.538333,-14.350556
Pilosocereus_pachycladus,-42.538333,-14.350556
Melocactus_ernestii,-42.537222,-14.213889
Tacinga_inamoena,-42.5,-10
Tacinga_inamoena,-41.001944,-11.636111
Melocactus_violaceus,-41.001389,-11.635833
Tacinga_inamoena,-43.784444,-14.234722
Melocactus_violaceus,-38.5,-12.966667
Epiphyllum_phyllanthus,-40.553056,-11.356111
Cereus_jamacaru,-40.563889,-11.36
Rhipsalis_floccosa,-40.516667,-11.333333
Tacinga_inamoena,-39.133333,-9.9
Tacinga_inamoena,-38.988056,-9.942778
Tacinga_palmadora,-38.988056,-9.942778
Tacinga_inamoena,-41.749167,-13.228611
Melocactus_ernestii,-39.766667,-12.7
Pilosocereus_pentaedrophorus,-39.6,-12.7
Cereus_fernambucensis,-38.316667,-12.883333
Epiphyllum_phyllanthus,-39.6325,-13.618889
Tacinga_inamoena,-40.836111,-11.135278
Cereus_fernambucensis,-38.283333,-12.516667
Rhipsalis_floccosa,-41.383333,-12.809722
Epiphyllum_phyllanthus,-41.383333,-12.809722
Rhipsalis_floccosa,-41.45,-12.466667
Pilosocereus_pachycladus,-41,-12
Tacinga_inamoena,-40.083333,-13.85
Cereus_jamacaru,-40.35,-14.516667
Tacinga_inamoena,-39.766667,-12.7
Rhipsalis_floccosa,-39.116667,-14.683333
Melocactus_ernestii,-39.083333,-12.533333
Tacinga_inamoena,-38.216667,-9.4
Cereus_jamacaru,-39.083333,-12.533333
Pilosocereus_catingicola,-38.5,-12.966667
